1518329.0,899.0,1321,4.5,221
5829334.0,1199.0,5462,4.3,702
10856380.0,1499.0,9124,4.1,720
13842966.0,1499.0,7358,4.4,720
14063026.0,699.0,1856,4.5,845
14324806.0,4699.0,84,3.8,76
14955068.0,2599.0,752,4.2,702
16827132.0,1399.0,125,3.9,845
10856322.0,1799.0,4458,4.5,720
13401782.0,1699.0,347,4.5,845
16897384.0,3399.0,75,4.3,76
19266872.0,1499.0,10,4.5,323
10854038.0,1199.0,1724,4.3,845
11458584.0,4080.0,5144,4.5,548
11489658.0,999.0,472,4.3,702
11697268.0,499.0,3106,4.3,702
12178124.0,1999.0,1211,4.5,702
12693276.0,2999.0,583,4.3,845
12222036.0,999.0,19656,4.5,720
12737904.0,1999.0,2111,4.4,720
13000352.0,1999.0,6150,4.2,720
17734680.0,1399.0,106,3.7,845
19068086.0,1349.0,7,4.9,845
5829327.0,1199.0,13938,4.2,702
8593785.0,599.0,5097,3.6,702
10711448.0,599.0,1531,4.5,221
12033996.0,2149.0,1027,4.3,845
14996638.0,899.0,272,4.4,845
19147754.0,1499.0,183,4.1,323
11987092.0,1299.0,191,4.3,702
13757350.0,1299.0,240,4.3,702
13935928.0,1999.0,607,4.4,720
15202818.0,2199.0,116,4.1,702
18644816.0,2690.0,11,4.5,864
2322605.0,2299.0,1103,3.9,702
10742414.0,1699.0,1135,4.2,845
11364534.0,1799.0,411,4.3,720
12828116.0,1999.0,544,4.0,845
16849312.0,1499.0,102,4.7,323
9552603.0,1999.0,7252,4.1,720
12279352.0,1599.0,1112,4.5,702
12288052.0,1699.0,10786,4.2,720
15012182.0,5199.0,1279,4.3,548
16108350.0,799.0,64,4.2,845
11064282.0,1999.0,701,4.2,720
11991214.0,1199.0,273,4.2,702
12696136.0,699.0,1028,4.6,323
13791594.0,1999.0,7012,4.2,76
14964708.0,899.0,30,4.4,221
10854022.0,1249.0,1856,4.5,845
16846766.0,3199.0,35,4.4,76
17640612.0,3299.0,183,4.1,702
18787500.0,1299.0,36,3.8,845
9070021.0,1399.0,3845,4.3,720
12178108.0,2299.0,602,4.5,702
17124538.0,1499.0,86,4.7,323
18131688.0,1499.0,122,4.5,323
18328804.0,1790.0,172,4.2,864
2046268.0,2199.0,419,4.3,720
13552234.0,599.0,232,4.5,221
14850348.0,5199.0,772,4.3,548
9477715.0,1299.0,789,4.2,702
11688420.0,1399.0,222,4.4,702
12221938.0,1999.0,2699,3.9,720
13913356.0,1299.0,882,4.4,76
17674588.0,699.0,145,4.7,323
2319517.0,1699.0,2706,4.1,702
9656683.0,1049.0,1589,4.2,845
10891996.0,1199.0,829,4.5,845
12034000.0,2149.0,374,4.3,845
12135338.0,1099.0,1821,4.2,76
14399798.0,3799.0,904,4.2,76
16989926.0,1699.0,135,4.2,720
17842452.0,2999.0,183,4.1,323
2280926.0,1899.0,273,4.5,720
14122726.0,4999.0,77,4.2,76
16849304.0,1499.0,80,4.3,323
18787832.0,2499.0,183,4.1,845
12221892.0,1999.0,4972,4.3,720
16045384.0,2899.0,227,4.2,76
16102990.0,1690.0,8,3.9,864
18652076.0,1299.0,92,4.5,323
19068088.0,1349.0,183,4.1,845
11991426.0,1299.0,886,4.3,702
11489530.0,1499.0,337,4.5,702
13581244.0,1999.0,203,4.1,720
13633448.0,1999.0,1885,4.2,720
14376546.0,1699.0,1086,4.4,76
15202916.0,1099.0,522,4.4,702
16967652.0,4999.0,145,4.0,548
17663032.0,599.0,183,4.1,221
18907804.0,1490.0,183,4.1,864
19148244.0,799.0,183,4.1,323
12622736.0,5999.0,520,4.4,548
13936018.0,1499.0,459,4.1,720
15198584.0,799.0,652,4.5,323
16835110.0,2999.0,5,4.6,702
19068090.0,1349.0,183,4.1,845
10308583.0,1499.0,3026,4.0,720
15012204.0,3599.0,935,3.8,548
16835204.0,2999.0,183,4.1,702
18522646.0,799.0,183,4.1,323
18747028.0,1499.0,183,4.1,323
12866574.0,699.0,118,4.2,221
14332328.0,1499.0,247,4.4,702
15092142.0,2149.0,49,3.6,845
16190872.0,4399.0,11,3.8,76
18907798.0,2190.0,183,4.1,864
12279300.0,1599.0,845,4.5,702
13984202.0,2899.0,107,4.4,702
15301318.0,1499.0,181,3.7,720
15301348.0,2299.0,15,4.9,720
18376730.0,1299.0,30,4.2,323
2322905.0,999.0,1056,4.0,76
10719178.0,2649.0,202,4.2,845
12111112.0,1799.0,589,4.0,845
12278652.0,2099.0,214,4.5,702
13298978.0,1199.0,323,4.1,702
15575208.0,1699.0,188,4.4,845
18644820.0,2090.0,5,3.8,864
19216788.0,2299.0,183,4.1,323
10764066.0,1899.0,402,4.3,845
11991442.0,1299.0,592,4.4,702
15150620.0,3899.0,273,4.1,76
16590048.0,8999.0,165,3.5,548
8661281.0,999.0,3339,4.1,845
8803831.0,1699.0,3406,3.8,702
14122722.0,3599.0,60,3.6,76
17155520.0,1999.0,25,4.5,323
2319515.0,1699.0,1925,4.1,702
14498214.0,1599.0,78,4.3,720
17985404.0,2299.0,18,4.3,720
10742380.0,2149.0,496,4.3,845
12693272.0,2999.0,379,3.9,845
13346740.0,2399.0,133,4.1,702
15810740.0,5599.0,230,4.1,548
18747034.0,799.0,19,4.3,323
14974278.0,899.0,134,4.2,845
16835178.0,2999.0,183,4.1,702
17611544.0,1499.0,19,4.1,323
10923656.0,2299.0,577,4.3,845
13710708.0,2099.0,633,4.4,702
15852088.0,2090.0,183,4.1,864
16833782.0,2599.0,14,4.3,702
16967650.0,4999.0,77,4.2,548
17662986.0,999.0,183,4.1,221
10845278.0,3299.0,346,4.4,845
12135374.0,1599.0,1431,4.1,76
16259320.0,3599.0,77,4.0,76
14154070.0,699.0,779,4.6,845
15150642.0,3899.0,228,4.0,76
18331308.0,4599.0,183,4.1,76
14087406.0,1699.0,218,4.3,720
18208004.0,1499.0,28,4.6,323
13315186.0,2699.0,752,4.0,702
16160338.0,1299.0,24,4.8,323
17292324.0,4199.0,193,3.9,548
12221918.0,1799.0,657,4.1,720
15514526.0,999.0,41,4.5,221
17124306.0,1299.0,32,4.5,323
18645654.0,2590.0,7,4.7,864
10833328.0,1499.0,1266,4.4,720
12712588.0,2499.0,103,4.6,702
17442682.0,1449.0,122,4.0,845
18084676.0,2699.0,10,4.6,323
10573162.0,2249.0,1096,4.3,845
7763575.0,1699.0,2004,4.1,76
16576222.0,5999.0,184,4.2,548
18084562.0,499.0,151,4.6,323
18542638.0,1490.0,29,3.9,864
14447434.0,999.0,47,4.4,221
17186006.0,2299.0,13,4.2,323
18866946.0,490.0,29,4.5,864
18867438.0,2490.0,183,4.1,864
12069736.0,1499.0,147,4.5,702
17787828.0,2299.0,49,3.6,720
18960890.0,1699.0,183,4.1,76
17763440.0,1799.0,183,4.1,167
19176850.0,1499.0,183,4.1,323
13903198.0,3899.0,350,3.9,76
14925332.0,1099.0,450,4.2,76
15424186.0,2299.0,12,4.8,323
19049088.0,2299.0,183,4.1,323
15026828.0,1699.0,133,4.1,845
16833812.0,2099.0,15,3.9,702
17392504.0,6795.0,91,4.4,548
18907806.0,2690.0,183,4.1,864
19257984.0,1299.0,183,4.1,323
10698734.0,2399.0,125,4.1,845
11531732.0,2499.0,633,4.0,702
13041774.0,1399.0,183,4.1,221
11970554.0,899.0,940,4.4,845
12221880.0,1999.0,1408,4.2,720
14331986.0,1999.0,27,4.1,702
16044098.0,1899.0,112,4.2,720
17189512.0,1399.0,6,4.3,167
1694433.0,1699.0,1953,4.2,720
12999468.0,1899.0,518,3.9,845
13843004.0,1699.0,48,4.2,720
18877626.0,1190.0,183,4.1,864
18907818.0,2590.0,183,4.1,864
11244988.0,3999.0,1152,4.1,548
16181570.0,7149.0,20,4.4,845
19175092.0,1499.0,183,4.1,323
10588018.0,499.0,154,4.4,221
16893050.0,1499.0,22,4.5,323
19227284.0,2199.0,183,4.1,845
14498202.0,899.0,281,4.0,720
16103364.0,1290.0,11,4.5,864
14331424.0,1299.0,188,4.1,702
16707822.0,2299.0,191,4.3,720
14991304.0,2499.0,38,4.4,702
15940174.0,2299.0,65,4.3,720
16945876.0,4199.0,13,4.5,76
18644830.0,2790.0,183,4.1,864
10698740.0,2499.0,585,4.2,845
18254862.0,799.0,183,4.1,323
13339532.0,1699.0,131,4.2,702
14356160.0,3999.0,34,4.4,702
15630060.0,1499.0,48,4.3,323
17898990.0,5899.0,15,3.9,548
12072478.0,1449.0,450,4.0,845
14447530.0,1499.0,12,4.0,221
16770452.0,1049.0,183,4.1,845
17538092.0,799.0,214,4.3,845
14224616.0,3099.0,72,3.6,76
14535816.0,2799.0,6,4.0,702
16159122.0,2999.0,56,3.6,76
17883622.0,499.0,114,4.5,323
19176864.0,1999.0,183,4.1,323
10918148.0,1949.0,962,4.4,845
13633440.0,2199.0,255,4.0,720
14535756.0,3599.0,183,4.1,702
16835312.0,2999.0,8,4.2,702
13181704.0,1599.0,61,4.0,167
14929684.0,1699.0,139,3.9,845
16595928.0,6196.0,141,3.8,548
17049154.0,1699.0,18,4.6,76
18813864.0,3999.0,183,4.1,548
19334482.0,1299.0,183,4.1,323
5447351.0,1499.0,683,4.1,702
15940162.0,2199.0,66,4.0,720
13238316.0,1499.0,511,4.0,76
15454236.0,1349.0,55,3.5,845
17663034.0,999.0,7,4.6,221
19283088.0,1499.0,183,4.1,323
10683618.0,1199.0,1261,4.4,845
13000338.0,1999.0,395,4.3,720
14535940.0,2799.0,183,4.1,702
15844708.0,1290.0,11,4.8,864
18135096.0,5999.0,18,4.0,548
996728.0,599.0,173,4.1,221
18877634.0,1890.0,183,4.1,864
11364440.0,1299.0,1475,4.2,720
12069738.0,1499.0,152,4.5,702
13710342.0,1999.0,539,4.1,702
15630118.0,1299.0,8,3.8,323
15997714.0,7149.0,33,4.5,845
18644858.0,3490.0,183,4.1,864
13633452.0,1999.0,640,4.2,720
14348874.0,699.0,799,4.5,845
16263016.0,2090.0,50,3.1,864
16833826.0,1899.0,9,4.8,702
18747130.0,999.0,14,4.8,323
19266944.0,1299.0,183,4.1,323
14160408.0,899.0,12,4.7,221
16607354.0,1699.0,62,4.2,845
16396278.0,1499.0,81,4.5,323
16990020.0,1799.0,17,4.3,720
18759692.0,3999.0,183,4.1,548
11541604.0,1099.0,417,4.2,702
15455322.0,4796.0,228,4.1,548
16234890.0,4199.0,183,4.1,76
1052287.0,1399.0,183,4.1,720
9801593.0,849.0,986,4.0,845
17268386.0,2299.0,183,4.1,323
10487070.0,599.0,59,4.1,221
14331606.0,1999.0,158,4.5,702
14350804.0,549.0,503,4.3,845
18302374.0,1999.0,183,4.1,323
19048840.0,1299.0,183,4.1,323
10604590.0,2599.0,22,4.1,720
12336742.0,1599.0,55,4.2,167
19176852.0,1499.0,183,4.1,323
19216672.0,1499.0,183,4.1,323
19216798.0,1499.0,183,4.1,323
8643083.0,1499.0,259,4.4,720
13135198.0,999.0,23,3.8,167
11749988.0,4999.0,917,4.4,548
14927426.0,1499.0,24,4.3,323
17660322.0,2099.0,11,4.3,845
18907802.0,1490.0,183,4.1,864
14350802.0,549.0,339,4.4,845
15851740.0,1690.0,10,3.5,864
17507882.0,1299.0,33,4.8,323
12383500.0,799.0,597,4.4,323
14094106.0,2499.0,170,4.1,702
14536032.0,3199.0,9,4.3,702
16362076.0,1499.0,30,4.1,323
13645146.0,1899.0,480,4.2,720
15333114.0,3199.0,183,4.1,702
17104862.0,1899.0,7,4.6,76
19201920.0,1999.0,183,4.1,323
9478873.0,1299.0,351,4.3,702
10742374.0,2399.0,1186,4.4,845
16461758.0,1299.0,25,4.4,323
18302884.0,8699.0,17,4.1,548
18652504.0,6999.0,183,4.1,221
10946032.0,2549.0,448,4.4,845
16100932.0,1149.0,71,4.4,845
19071780.0,2299.0,183,4.1,323
10856136.0,1899.0,1109,4.4,720
14160340.0,999.0,15,4.1,221
14873642.0,1349.0,80,4.0,845
15333126.0,3199.0,183,4.1,702
16200770.0,1499.0,43,2.5,845
18759676.0,3999.0,183,4.1,548
2196419.0,1799.0,115,3.7,720
13843084.0,899.0,1964,4.4,720
16591608.0,1499.0,12,4.2,323
13645190.0,1899.0,583,4.1,720
16587914.0,5999.0,47,4.3,548
10761774.0,1199.0,305,4.4,845
17787830.0,1799.0,19,4.5,720
2280915.0,1299.0,4876,4.2,720
15221802.0,1999.0,133,3.8,845
11197978.0,1599.0,1258,4.1,76
12866552.0,699.0,21,4.2,221
15630044.0,1499.0,37,4.4,323
17240086.0,1499.0,17,4.4,720
17842686.0,1299.0,31,4.7,323
9478817.0,1699.0,509,3.5,702
15088232.0,3199.0,55,4.1,702
16814656.0,1899.0,71,4.3,845
14535772.0,2899.0,13,4.5,702
16045510.0,3499.0,76,4.0,76
16107906.0,2290.0,183,4.1,864
18776080.0,2299.0,183,4.1,720
19216882.0,1299.0,183,4.1,323
12679536.0,6099.0,448,4.4,548
13581118.0,1499.0,742,4.3,720
16686906.0,2299.0,4,5.0,323
18834992.0,2299.0,2,3.5,323
13000464.0,1999.0,327,4.2,720
14823674.0,2799.0,23,3.9,76
15927636.0,1699.0,58,3.8,845
17141262.0,7688.0,35,4.6,548
14121926.0,4299.0,144,4.2,76
17358398.0,1299.0,91,4.0,702
17787844.0,2099.0,5,4.0,720
17842650.0,1499.0,6,4.0,323
13401756.0,1949.0,128,4.5,845
14954474.0,1899.0,9,4.7,702
17674466.0,2999.0,183,4.1,323
14535820.0,2799.0,5,4.6,702
17442762.0,2099.0,17,4.1,845
17662850.0,999.0,9,4.0,221
12737764.0,1999.0,243,3.9,720
15301320.0,2099.0,59,3.9,720
17124268.0,1999.0,183,4.1,323
11096590.0,5699.0,724,4.0,548
11579066.0,899.0,94,4.3,167
15038588.0,999.0,77,3.6,845
14535860.0,2799.0,9,4.8,702
18305296.0,1299.0,9,4.6,323
18762458.0,999.0,183,4.1,167
12737836.0,2299.0,80,3.8,720
13601350.0,1499.0,151,4.5,702
17662820.0,599.0,183,4.1,221
15637556.0,899.0,44,3.4,845
16707888.0,2299.0,137,4.4,720
18875160.0,1690.0,183,4.1,864
14444766.0,1999.0,25,3.6,76
15146858.0,899.0,15,4.6,167
16893052.0,2699.0,8,4.4,323
18747182.0,999.0,183,4.1,323
8195013.0,1899.0,998,3.9,845
12289142.0,1049.0,760,4.3,845
14535802.0,3699.0,183,4.1,702
17842774.0,2299.0,24,3.5,323
13295448.0,549.0,132,4.3,845
14535748.0,2499.0,16,4.5,702
15301380.0,2099.0,52,4.1,720
16707760.0,1799.0,62,4.0,720
16835242.0,2599.0,10,4.0,702
18872534.0,1990.0,183,4.1,864
17739240.0,999.0,183,4.1,167
19071720.0,399.0,6,4.8,323
996729.0,599.0,33,4.2,221
11991456.0,999.0,2259,4.2,702
14444602.0,1299.0,47,3.8,76
14537132.0,2199.0,149,4.2,845
16191476.0,2999.0,22,4.5,323
17576130.0,1499.0,183,4.1,323
13334362.0,2399.0,13,4.5,702
14535914.0,3699.0,183,4.1,702
18872418.0,1490.0,3,1.0,864
16607294.0,1599.0,205,3.8,845
17874562.0,7699.0,6,4.8,548
19072596.0,1490.0,183,4.1,864
8119623.0,999.0,1383,4.0,845
12737808.0,1399.0,187,4.4,720
13237922.0,3699.0,89,4.3,76
16814658.0,1599.0,186,3.8,845
12047844.0,799.0,207,3.7,221
16190840.0,3299.0,96,4.1,76
14332396.0,1599.0,47,4.3,702
16262952.0,1990.0,60,4.5,864
16331730.0,6999.0,29,4.4,548
16928316.0,2299.0,183,4.1,323
19216892.0,1299.0,183,4.1,323
13633412.0,1999.0,161,3.9,720
14873628.0,1299.0,80,4.2,845
15043152.0,3499.0,9,4.6,221
15301208.0,1999.0,8,4.8,720
16833904.0,2099.0,183,4.1,702
10336797.0,1499.0,1132,4.2,702
13135212.0,1199.0,29,4.4,167
14331596.0,1299.0,237,4.3,702
15851818.0,2090.0,55,3.4,864
15301270.0,2299.0,47,4.1,720
15790526.0,1499.0,64,4.0,720
16928404.0,1999.0,183,4.1,323
17941484.0,999.0,59,4.4,323
18456166.0,1499.0,183,4.1,702
12134668.0,2499.0,853,4.1,76
15851788.0,1590.0,183,4.1,864
16102760.0,1390.0,183,4.1,864
17094600.0,1699.0,10,4.0,76
18877598.0,1790.0,183,4.1,864
10607430.0,1699.0,235,4.3,720
11992706.0,1399.0,239,3.9,845
14356146.0,4999.0,15,3.7,702
15441312.0,2799.0,5,5.0,702
16615812.0,4899.0,45,4.2,548
18331422.0,1299.0,183,4.1,76
14332392.0,1099.0,228,4.3,702
17883630.0,1999.0,13,4.5,323
13611318.0,1699.0,135,4.3,702
15982544.0,4249.0,54,3.7,845
16833766.0,1899.0,10,3.9,702
18747132.0,999.0,183,4.1,323
13237814.0,3699.0,68,4.0,76
14535898.0,2799.0,3,4.7,702
17662882.0,999.0,183,4.1,221
15089126.0,1599.0,5,5.0,702
16587928.0,5999.0,30,4.2,548
10358133.0,699.0,51,4.4,221
9478497.0,1299.0,302,4.1,702
14122612.0,2199.0,9,3.4,76
14873644.0,1049.0,81,4.3,845
18131678.0,1299.0,24,4.6,323
14277162.0,4899.0,57,4.2,76
15773220.0,2299.0,28,4.5,702
15850156.0,1990.0,7,3.7,864
2196409.0,1799.0,3,1.0,720
15849942.0,1990.0,13,4.2,864
17985346.0,2299.0,25,4.3,720
10336795.0,1499.0,669,4.1,702
15096662.0,3799.0,38,3.3,76
18747106.0,1299.0,183,4.1,323
19228042.0,2499.0,183,4.1,845
14535744.0,3199.0,4,4.5,702
18924164.0,8599.0,183,4.1,548
15773294.0,1799.0,10,4.0,702
16171474.0,4999.0,183,4.1,548
16835136.0,2999.0,57,4.3,702
18207362.0,899.0,183,4.1,221
19227970.0,1499.0,183,4.1,845
13913404.0,999.0,382,3.6,76
16652184.0,1499.0,7,4.7,323
18671794.0,999.0,183,4.1,167
19147756.0,1499.0,183,4.1,323
14355478.0,4599.0,26,4.4,702
14864068.0,849.0,100,4.5,845
16877280.0,9600.0,183,4.1,548
9901971.0,1299.0,1258,4.4,702
14925534.0,1099.0,448,4.0,76
15441284.0,2699.0,21,4.3,702
17511522.0,1099.0,54,4.2,720
14355474.0,4799.0,14,4.2,702
15301248.0,1799.0,77,4.1,720
18170658.0,599.0,29,4.5,323
18671752.0,999.0,183,4.1,167
11688430.0,1499.0,181,4.4,702
15601780.0,8599.0,87,4.1,548
18207274.0,899.0,183,4.1,221
14331672.0,1299.0,71,4.1,702
16877306.0,9600.0,183,4.1,548
18331124.0,1299.0,183,4.1,76
13723010.0,1699.0,138,4.3,702
15851280.0,2390.0,12,4.3,864
18652038.0,799.0,42,4.5,323
18872530.0,1290.0,6,3.8,864
9477945.0,1899.0,146,3.8,702
14441598.0,699.0,145,4.6,323
17662918.0,999.0,5,4.2,221
18135082.0,5999.0,8,3.8,548
11021020.0,1599.0,1118,4.0,702
15221800.0,1349.0,178,4.4,845
15088844.0,2699.0,19,4.3,702
18662318.0,1249.0,183,4.1,845
17206828.0,3999.0,183,4.1,548
17739268.0,1399.0,11,4.7,167
17985384.0,2498.0,183,4.1,720
12009524.0,2299.0,139,4.6,845
14995806.0,1149.0,104,4.3,845
16707708.0,2199.0,36,3.6,720
15441200.0,2699.0,5,4.4,702
18068014.0,799.0,183,4.1,221
18091860.0,3999.0,17,4.8,548
2322792.0,1799.0,1700,4.5,76
15221794.0,1349.0,105,4.3,845
15773602.0,2499.0,22,4.2,702
17739122.0,999.0,183,4.1,167
18834976.0,699.0,183,4.1,323
17240094.0,1799.0,18,4.5,720
14935148.0,2799.0,183,4.1,702
16091198.0,4949.0,183,4.1,845
14854802.0,1299.0,104,4.2,76
15519332.0,3499.0,231,4.3,548
15850152.0,2290.0,183,4.1,864
16833830.0,1599.0,12,4.1,702
17085456.0,2499.0,10,4.6,702
12682118.0,1499.0,66,3.9,845
15940140.0,2199.0,12,4.8,720
18207456.0,2199.0,58,3.8,845
12967844.0,899.0,18,4.4,221
14424400.0,549.0,369,4.5,845
15049028.0,2299.0,183,4.1,702
18834994.0,1299.0,2,4.5,323
15428190.0,1399.0,20,3.8,845
16814696.0,1149.0,89,4.3,845
16833886.0,1899.0,183,4.1,702
18718144.0,1199.0,183,4.1,167
11541726.0,1899.0,85,4.4,702
13269686.0,799.0,18,4.3,702
17299108.0,1399.0,183,4.1,167
15096342.0,2899.0,37,3.0,76
17240056.0,1699.0,9,2.7,720
1518333.0,899.0,87,4.0,221
4451422.0,2099.0,664,3.8,702
11672562.0,2399.0,101,4.3,702
15916822.0,6999.0,85,3.1,548
16990014.0,1799.0,12,3.6,720
12391802.0,2149.0,275,3.9,845
12496778.0,1199.0,108,4.6,167
15301440.0,1199.0,179,4.2,720
16990010.0,2399.0,32,4.3,720
8002223.0,1899.0,1672,3.9,845
15088236.0,2699.0,6,4.2,702
15428210.0,2149.0,13,4.1,845
18642886.0,2190.0,183,4.1,864
14935160.0,2599.0,5,3.6,702
18121996.0,5999.0,4,4.0,548
18671776.0,1999.0,183,4.1,167
15630126.0,2299.0,12,4.6,323
18652028.0,699.0,36,4.6,323
13552264.0,799.0,16,3.3,221
16168314.0,2299.0,15,3.6,323
16833872.0,1699.0,183,4.1,702
16615800.0,4899.0,76,3.8,548
16707884.0,2299.0,56,4.3,720
14355418.0,5499.0,183,4.1,702
17104874.0,1899.0,183,4.1,76
1852518.0,2399.0,11,3.7,221
1937040.0,1099.0,1174,4.3,702
10856220.0,1399.0,3390,4.3,720
16222482.0,1549.0,14,4.0,845
16989934.0,2099.0,91,4.0,720
12496782.0,1199.0,24,4.1,167
17104826.0,1899.0,183,4.1,76
19266960.0,1499.0,183,4.1,323
1866504.0,899.0,1776,4.0,702
15427372.0,2099.0,28,4.5,76
18103108.0,3999.0,38,4.4,548
13722978.0,1499.0,62,4.2,702
14170730.0,699.0,1058,4.6,845
14925594.0,999.0,282,4.0,76
16316606.0,8315.0,183,4.1,548
17511558.0,2199.0,22,4.2,720
18110332.0,2498.0,6,3.7,720
18652572.0,499.0,5,4.4,221
9791977.0,999.0,1066,4.1,167
14935172.0,2999.0,183,4.1,702
18872528.0,1490.0,8,4.5,864
13000330.0,1999.0,83,4.0,720
16835096.0,2699.0,183,4.1,702
17842652.0,1499.0,6,3.7,323
18787822.0,2399.0,183,4.1,845
18905302.0,1990.0,183,4.1,864
19174870.0,1499.0,183,4.1,323
15927598.0,1649.0,7,4.7,845
15960258.0,1999.0,38,4.0,323
17810566.0,399.0,76,4.0,323
18976780.0,999.0,183,4.1,221
15441318.0,2499.0,14,4.8,702
11991572.0,1799.0,315,4.2,702
12222044.0,999.0,1933,4.4,720
14880226.0,1499.0,17,3.1,76
18542766.0,1890.0,10,4.5,864
10358153.0,599.0,11,4.3,221
11688534.0,1899.0,193,4.3,702
14765476.0,6499.0,154,4.0,548
16519972.0,1399.0,36,4.2,845
18875224.0,1590.0,183,4.1,864
18907592.0,1190.0,183,4.1,864
16846572.0,4699.0,5,4.0,76
8083191.0,1899.0,838,4.0,845
15852172.0,2390.0,183,4.1,864
16607340.0,1749.0,27,3.8,845
16833806.0,2099.0,183,4.1,702
19227290.0,2199.0,183,4.1,845
14160344.0,599.0,19,4.1,221
12737792.0,1399.0,55,4.2,720
15088960.0,1599.0,47,3.9,702
18336690.0,3199.0,183,4.1,720
14447462.0,999.0,18,4.7,221
16262840.0,1690.0,42,3.9,864
17094692.0,1299.0,95,4.3,76
18675262.0,1599.0,183,4.1,167
10964434.0,799.0,1161,4.2,702
14535906.0,2499.0,13,4.3,702
18302372.0,799.0,51,4.4,323
11292438.0,3790.0,264,4.4,548
18671806.0,999.0,183,4.1,167
12889076.0,999.0,7,4.3,221
15480316.0,6995.0,17,4.4,548
17511584.0,2299.0,9,3.6,720
19266882.0,2299.0,183,4.1,323
8319213.0,1599.0,1097,4.0,702
9791971.0,999.0,243,4.3,167
15633656.0,1990.0,183,4.1,864
12391800.0,1749.0,324,4.3,845
16427292.0,999.0,8,4.5,167
15096478.0,4499.0,35,3.9,76
17759938.0,1499.0,183,4.1,323
9260667.0,799.0,35,4.3,221
15851614.0,1490.0,11,3.6,864
15953964.0,1299.0,38,3.6,845
16044108.0,2099.0,16,4.2,720
16902156.0,1999.0,183,4.1,702
18726440.0,3999.0,183,4.1,548
15092136.0,899.0,73,4.2,845
16833828.0,1799.0,183,4.1,702
9552849.0,1399.0,871,4.5,720
15851736.0,2290.0,8,3.4,864
18726438.0,3999.0,183,4.1,548
16989958.0,1899.0,5,3.2,720
17185466.0,1299.0,9,4.6,323
12135222.0,1299.0,965,4.1,76
13842994.0,2199.0,109,4.1,720
15846078.0,2999.0,183,4.1,323
17240100.0,1199.0,48,4.2,720
14668704.0,5599.0,32,3.5,548
15026866.0,1049.0,240,4.1,845
17663042.0,2199.0,183,4.1,221
12289124.0,1799.0,98,4.3,845
15088136.0,1690.0,4,2.0,864
18727246.0,1199.0,183,4.1,167
10604482.0,1999.0,632,4.1,720
14332140.0,1799.0,17,4.4,702
17455814.0,1699.0,38,3.6,76
16201412.0,2099.0,87,3.5,845
17662996.0,899.0,183,4.1,221
18131608.0,999.0,31,4.7,323
13903100.0,3399.0,168,4.0,76
14356190.0,4999.0,24,4.0,702
15851802.0,1590.0,183,4.1,864
17085394.0,2699.0,14,4.3,702
17155514.0,1299.0,3,4.0,323
13237590.0,2299.0,108,4.2,76
13626148.0,1699.0,219,4.3,720
14996606.0,899.0,34,4.5,845
15038606.0,1099.0,21,4.0,845
18905308.0,1990.0,183,4.1,864
17090142.0,3399.0,18,4.2,76
10861466.0,1999.0,320,4.3,720
13238184.0,1899.0,374,4.1,76
16222428.0,1249.0,183,4.1,845
16337684.0,2499.0,26,3.9,845
11117398.0,4999.0,914,4.1,548
16427158.0,1399.0,36,4.4,167
17810456.0,2299.0,183,4.1,323
18542972.0,1490.0,12,4.1,864
14087576.0,1199.0,322,4.5,720
14160382.0,799.0,13,4.6,221
19071664.0,1499.0,183,4.1,323
13314928.0,1899.0,100,4.1,702
13905666.0,999.0,1102,4.0,76
15790152.0,2299.0,5,4.6,323
17602874.0,1999.0,6,4.7,845
16181558.0,4699.0,183,4.1,845
16337706.0,1699.0,72,3.9,845
18762578.0,899.0,183,4.1,167
14695632.0,799.0,147,4.3,845
15038602.0,1349.0,114,4.0,845
17662896.0,1999.0,183,4.1,221
16560620.0,1299.0,183,4.1,167
17102460.0,1699.0,25,4.1,76
17883620.0,399.0,72,4.5,323
18727242.0,1399.0,183,4.1,167
15823664.0,1999.0,6,5.0,323
17739292.0,1399.0,183,4.1,167
5829328.0,1299.0,2222,4.3,702
15092118.0,1799.0,97,4.4,845
15852286.0,2190.0,13,4.8,864
17511828.0,999.0,56,4.3,720
17894162.0,1499.0,14,4.4,323
14925784.0,2699.0,18,4.5,702
15864064.0,1990.0,6,4.5,864
18787332.0,3999.0,183,4.1,548
15038598.0,1799.0,87,4.2,845
16219034.0,1299.0,34,4.4,323
16707940.0,2299.0,13,4.1,720
11076732.0,5999.0,730,4.1,548
12889112.0,799.0,10,4.8,221
14355334.0,4299.0,22,4.3,702
19305208.0,499.0,183,4.1,323
18671792.0,1399.0,183,4.1,167
12679518.0,6099.0,295,4.5,548
15508774.0,1399.0,10,3.8,720
17240172.0,1599.0,46,4.4,720
18813860.0,3999.0,183,4.1,548
11549456.0,1699.0,253,4.2,720
13339544.0,2199.0,111,3.9,702
16427432.0,1399.0,183,4.1,167
16316410.0,6999.0,27,4.5,548
18876322.0,2499.0,183,4.1,845
13984230.0,1299.0,173,4.3,702
15852102.0,2290.0,5,3.8,864
17545288.0,899.0,14,4.4,221
11541570.0,2199.0,322,4.3,702
16256360.0,1649.0,37,4.2,845
17842776.0,2299.0,11,4.4,323
14884798.0,2699.0,51,4.1,76
12957518.0,1299.0,11,3.8,167
13722948.0,1499.0,36,4.2,702
17545302.0,899.0,183,4.1,221
19201936.0,1499.0,183,4.1,323
18787834.0,2499.0,183,4.1,845
14668774.0,5599.0,45,3.9,548
19202774.0,1999.0,183,4.1,720
14925418.0,1899.0,250,3.9,76
14954702.0,2399.0,32,4.2,702
17446056.0,999.0,10,2.5,845
18068038.0,1499.0,183,4.1,221
10841116.0,2449.0,352,4.3,845
10856140.0,1799.0,3531,4.6,720
13722974.0,1499.0,118,4.0,702
15632924.0,1890.0,12,2.8,864
18302376.0,1999.0,183,4.1,323
18302880.0,8699.0,183,4.1,548
13238030.0,999.0,336,3.7,76
15038552.0,1199.0,116,4.1,845
15844534.0,1790.0,10,3.9,864
16235888.0,1199.0,86,4.4,76
18867388.0,1790.0,183,4.1,864
14536020.0,2799.0,183,4.1,702
16404086.0,1849.0,51,4.4,845
18813862.0,3999.0,183,4.1,548
14954878.0,2599.0,24,3.8,702
15845590.0,1790.0,183,4.1,864
16814638.0,949.0,95,4.2,845
17088842.0,3499.0,18,4.7,76
14994700.0,3399.0,12,3.6,76
18302434.0,699.0,16,4.8,323
14850332.0,5199.0,8,3.0,548
15790462.0,1699.0,7,4.7,720
17090254.0,2699.0,28,3.9,76
15158920.0,1499.0,55,4.0,702
15200332.0,999.0,25,4.2,167
17113756.0,899.0,183,4.1,167
17511824.0,2199.0,26,4.4,720
17662860.0,1399.0,183,4.1,221
13633362.0,2099.0,8,4.1,720
15927592.0,1749.0,18,3.7,845
12408994.0,1749.0,246,4.0,845
16222490.0,1549.0,9,4.7,845
12479224.0,1849.0,35,4.2,845
15851958.0,1790.0,183,4.1,864
16833906.0,2099.0,2,2.5,702
18872440.0,1590.0,183,4.1,864
13135206.0,1099.0,42,4.2,167
14094050.0,2099.0,196,4.2,702
17417200.0,2999.0,5,4.6,76
15562184.0,1699.0,171,4.4,845
16707930.0,1799.0,9,4.3,720
18813850.0,3999.0,183,4.1,548
17511734.0,2299.0,15,3.9,720
13645124.0,1899.0,218,4.0,720
15790738.0,2498.0,10,3.8,720
16100940.0,1149.0,13,4.1,845
16477422.0,1699.0,10,3.7,167
11414708.0,1299.0,13,4.6,221
11697384.0,499.0,1898,4.3,702
13843102.0,1199.0,31,3.5,720
15637548.0,899.0,42,3.5,845
13181714.0,999.0,38,4.2,167
14925764.0,1499.0,131,4.2,702
15096666.0,3499.0,38,3.5,76
15098904.0,6999.0,183,4.1,548
15582352.0,1699.0,27,4.0,76
17898850.0,999.0,183,4.1,167
2507000.0,899.0,1524,4.0,702
14925804.0,2699.0,6,4.3,702
18875166.0,990.0,183,4.1,864
11489544.0,1299.0,171,4.3,702
14929672.0,1699.0,66,3.6,845
10856194.0,2399.0,240,3.7,720
12921090.0,1499.0,53,4.2,845
13552284.0,999.0,8,4.2,221
14925506.0,1799.0,284,3.8,76
17787792.0,1799.0,16,3.6,720
13641432.0,1899.0,205,4.0,845
16045394.0,3499.0,183,4.1,76
17049104.0,2999.0,13,4.8,76
18643006.0,1690.0,183,4.1,864
18671848.0,999.0,183,4.1,167
16044030.0,2099.0,15,4.3,720
12541606.0,2399.0,35,4.7,720
18671774.0,999.0,183,4.1,167
16262928.0,2090.0,8,4.2,864
10321833.0,6399.0,225,4.2,548
12225702.0,949.0,1195,4.1,845
17085460.0,2999.0,183,4.1,702
12541660.0,2399.0,13,4.7,720
15038338.0,1099.0,183,4.1,221
17240146.0,1899.0,9,4.1,720
19074168.0,699.0,183,4.1,323
13493068.0,1849.0,88,4.2,845
15098922.0,6999.0,183,4.1,548
15852342.0,1990.0,20,4.3,864
18875150.0,1590.0,183,4.1,864
11364424.0,1699.0,40,4.4,720
15852538.0,1890.0,14,4.5,864
16128978.0,1049.0,37,4.1,845
16471674.0,7999.0,183,4.1,548
16190866.0,1999.0,22,3.9,76
11364480.0,999.0,1846,4.3,720
18302882.0,8299.0,183,4.1,548
18211776.0,1099.0,183,4.1,167
15773148.0,2599.0,17,4.4,702
17933318.0,1099.0,183,4.1,167
16519162.0,2299.0,183,4.1,323
15844636.0,1390.0,12,4.2,864
17104804.0,1999.0,20,4.0,76
18875978.0,1490.0,2,5.0,864
12629360.0,2099.0,112,4.1,702
13421980.0,2149.0,51,4.1,845
18776084.0,1699.0,6,4.2,720
10641924.0,999.0,645,4.2,845
18924150.0,5299.0,183,4.1,548
13687208.0,2999.0,40,4.2,702
13843104.0,1799.0,115,4.4,720
16950084.0,5999.0,183,4.1,548
15959952.0,1299.0,183,4.1,323
15982516.0,1199.0,36,4.5,845
17455868.0,1699.0,14,4.3,76
18605954.0,1190.0,183,4.1,864
15845680.0,1390.0,8,4.1,864
16950080.0,5999.0,183,4.1,548
18207290.0,999.0,183,4.1,221
12967786.0,899.0,29,3.9,221
18642956.0,1690.0,183,4.1,864
2280928.0,1499.0,42,4.1,720
14325492.0,4399.0,79,4.3,76
14332200.0,1499.0,34,4.2,702
16099772.0,2599.0,39,4.2,845
17965024.0,1999.0,5,4.0,323
10428804.0,1399.0,113,4.4,167
17759988.0,799.0,58,4.3,323
14879080.0,849.0,123,4.5,845
17985598.0,2498.0,12,4.2,720
15043266.0,2499.0,34,3.9,221
15086798.0,1790.0,183,4.1,864
16950094.0,5999.0,183,4.1,548
17102450.0,1999.0,14,3.4,76
16576216.0,5999.0,11,4.2,548
17662972.0,899.0,183,4.1,221
15026840.0,1249.0,35,3.9,845
15897498.0,2599.0,15,4.0,702
14122516.0,1899.0,196,4.0,76
16331706.0,6999.0,59,4.3,548
16395110.0,1299.0,183,4.1,323
8339487.0,699.0,1655,4.0,702
16175534.0,1299.0,37,4.6,323
17663018.0,1199.0,183,4.1,221
15104520.0,1349.0,37,4.3,845
11688510.0,1399.0,165,4.4,702
18331160.0,1599.0,183,4.1,76
8963467.0,1999.0,397,4.2,702
17663008.0,899.0,183,4.1,221
17787798.0,1799.0,16,3.7,720
11990930.0,1299.0,197,4.1,702
18287324.0,5195.0,183,4.1,548
14954892.0,2399.0,6,4.0,702
16044010.0,1799.0,4,4.8,720
17231686.0,899.0,183,4.1,167
13237514.0,3699.0,24,3.8,76
17985336.0,2299.0,183,4.1,720
14954538.0,2599.0,22,4.5,702
17240154.0,1799.0,7,3.6,720
17317694.0,6795.0,13,3.6,548
19174868.0,1499.0,183,4.1,323
12332746.0,1599.0,108,4.1,167
14504146.0,2299.0,42,4.2,702
19171304.0,899.0,183,4.1,221
12541634.0,1799.0,30,4.6,720
13000550.0,2099.0,130,3.9,720
17141474.0,6727.0,16,4.0,548
13723032.0,1699.0,109,4.4,702
16337736.0,1699.0,48,4.0,845
18273212.0,3499.0,183,4.1,221
17005824.0,1899.0,6,4.0,702
15301192.0,1799.0,31,4.1,720
16395936.0,2299.0,183,4.1,323
11497192.0,899.0,183,4.1,221
16835218.0,2999.0,183,4.1,702
17445890.0,1049.0,46,4.5,845
18642996.0,2190.0,183,4.1,864
14356304.0,3999.0,10,4.6,702
18331088.0,1199.0,183,4.1,76
18642832.0,2690.0,183,4.1,864
12789980.0,1899.0,182,3.7,845
16989952.0,1899.0,6,4.2,720
17093664.0,1699.0,183,4.1,702
14355380.0,3599.0,8,4.8,702
16404092.0,1299.0,31,4.3,845
13936010.0,999.0,141,4.3,720
15940138.0,1499.0,37,3.8,720
18872510.0,1890.0,183,4.1,864
14444114.0,2199.0,17,4.2,845
2137522.0,1199.0,534,4.0,845
17093660.0,1699.0,183,4.1,702
13616844.0,899.0,7,4.7,221
16154470.0,990.0,6,2.7,864
17455812.0,1699.0,183,4.1,76
12025092.0,799.0,4,4.5,221
17189492.0,1399.0,183,4.1,167
13710568.0,2299.0,103,4.2,702
16707710.0,1799.0,12,3.9,720
17662984.0,1999.0,183,4.1,221
16835166.0,2999.0,183,4.1,702
17325496.0,9999.0,183,4.1,548
18867348.0,1190.0,183,4.1,864
13843050.0,999.0,540,4.4,720
15441212.0,2499.0,4,4.5,702
17325490.0,9999.0,183,4.1,548
19202250.0,1299.0,183,4.1,323
17090738.0,2399.0,54,4.1,76
15241566.0,1999.0,183,4.1,167
16961412.0,899.0,24,4.5,702
10487098.0,1499.0,183,4.1,221
15089532.0,1099.0,25,3.9,167
12889038.0,2499.0,5,3.8,221
13756932.0,2499.0,183,4.1,702
13951526.0,1399.0,33,3.9,167
14258606.0,399.0,237,4.3,323
15851634.0,1890.0,183,4.1,864
16286086.0,3997.0,183,4.1,548
17104772.0,1899.0,21,4.6,76
14331250.0,1999.0,118,4.5,702
17660338.0,2199.0,183,4.1,845
18867342.0,1590.0,183,4.1,864
13135248.0,1599.0,21,3.7,167
15756526.0,1649.0,13,3.5,845
14355398.0,5499.0,183,4.1,702
17862784.0,5999.0,183,4.1,548
19202762.0,1799.0,183,4.1,720
16814706.0,899.0,195,4.5,845
19266888.0,1999.0,183,4.1,323
14996620.0,1199.0,95,4.3,845
15633536.0,1390.0,17,3.5,864
17660298.0,2099.0,10,3.7,845
17417186.0,2999.0,26,4.0,76
18976786.0,2199.0,183,4.1,221
16331716.0,5999.0,41,4.0,548
16899332.0,1599.0,5,3.8,76
14663998.0,1599.0,363,3.7,76
17787912.0,1999.0,5,3.2,720
11364470.0,1499.0,790,4.4,720
11530714.0,6745.0,29,4.2,548
6177369.0,1899.0,183,4.1,221
15632348.0,2290.0,22,4.8,864
16427130.0,1599.0,183,4.1,167
16989996.0,1899.0,7,4.3,720
11530674.0,6745.0,69,4.5,548
17150084.0,1599.0,183,4.1,167
13700180.0,2599.0,16,3.9,702
16928312.0,2299.0,183,4.1,323
17739252.0,1599.0,183,4.1,167
8801173.0,2499.0,633,4.1,702
16099764.0,3249.0,9,4.6,845
13935934.0,1099.0,148,4.5,720
15790696.0,1299.0,6,4.2,720
15802502.0,2699.0,183,4.1,702
17511510.0,2199.0,6,4.0,720
11530694.0,6248.0,2,5.0,548
16259426.0,3899.0,7,4.6,76
17662834.0,2199.0,183,4.1,221
18875952.0,690.0,183,4.1,864
10388423.0,3199.0,1042,4.3,548
16836192.0,1999.0,183,4.1,702
11549468.0,1599.0,55,4.3,720
14536052.0,3199.0,183,4.1,702
17240142.0,1499.0,51,4.4,720
18533904.0,1999.0,4,5.0,76
18834544.0,1499.0,183,4.1,323
15241450.0,1299.0,183,4.1,167
17507856.0,1499.0,6,4.8,323
18227754.0,999.0,13,4.0,167
8643263.0,1499.0,183,4.1,720
14535784.0,3699.0,183,4.1,702
14636558.0,4699.0,165,3.9,548
13955736.0,1599.0,24,4.2,167
17100808.0,1099.0,21,4.0,76
17883650.0,1299.0,183,4.1,323
16827438.0,3599.0,16,3.1,76
16836260.0,1899.0,183,4.1,702
17194590.0,749.0,45,4.2,845
14487126.0,1199.0,46,4.2,720
15852512.0,2290.0,9,4.7,864
11454958.0,3299.0,469,4.0,548
18211774.0,1099.0,183,4.1,167
19148242.0,1499.0,183,4.1,323
14535994.0,3699.0,183,4.1,702
13905672.0,899.0,747,4.2,76
15038610.0,1199.0,39,4.5,845
13984200.0,2099.0,58,4.4,702
11990212.0,2899.0,149,4.5,702
18037684.0,699.0,5,3.8,323
14447532.0,1599.0,6,4.5,221
14884574.0,2299.0,251,3.7,76
15088286.0,2699.0,34,4.5,702
16043992.0,1999.0,25,4.0,720
17763432.0,1499.0,183,4.1,167
12122504.0,899.0,9,4.4,845
16957520.0,1499.0,183,4.1,323
15773238.0,2699.0,6,2.3,702
15852358.0,1790.0,183,4.1,864
13955712.0,1599.0,7,4.6,167
15043242.0,1399.0,183,4.1,221
14955124.0,2199.0,100,4.0,702
16591612.0,1999.0,8,4.1,323
16707870.0,1199.0,47,4.2,720
17005816.0,1899.0,183,4.1,702
17739306.0,1399.0,7,3.9,167
17752446.0,999.0,22,3.7,167
11296068.0,899.0,157,3.7,702
13995752.0,1699.0,318,4.0,76
16747818.0,1199.0,6,3.3,845
17751206.0,999.0,4,3.0,167
9552897.0,1699.0,70,4.0,720
14954872.0,2499.0,5,4.0,702
15038324.0,1399.0,7,4.6,221
15098700.0,1590.0,14,4.4,864
15441272.0,2499.0,183,4.1,702
14331508.0,1999.0,62,4.3,702
18872550.0,1590.0,183,4.1,864
17674672.0,1299.0,32,4.3,323
12663978.0,1499.0,31,4.1,167
15940214.0,1699.0,55,4.1,720
18331408.0,1799.0,183,4.1,76
15508784.0,999.0,128,4.5,720
16108074.0,990.0,183,4.1,864
17049100.0,1699.0,36,4.2,76
17096098.0,2999.0,18,3.8,76
19148506.0,799.0,183,4.1,323
9656695.0,1899.0,577,3.9,845
13135236.0,1099.0,18,4.2,167
15582372.0,1999.0,13,3.7,76
15844902.0,1590.0,183,4.1,864
16286084.0,4263.0,183,4.1,548
16836264.0,1999.0,183,4.1,702
5447314.0,1699.0,239,4.1,702
16877304.0,9600.0,183,4.1,548
16961230.0,1299.0,45,4.6,702
16877276.0,9600.0,3,3.0,548
17240132.0,1799.0,183,4.1,720
18872558.0,1390.0,183,4.1,864
15441144.0,2499.0,183,4.1,702
17442766.0,899.0,105,4.3,845
18057374.0,8999.0,183,4.1,548
16286120.0,4097.0,183,4.1,548
18913300.0,1290.0,183,4.1,864
16286118.0,4097.0,183,4.1,548
18875182.0,1390.0,183,4.1,864
15953974.0,949.0,42,4.4,845
11473158.0,3520.0,232,4.4,548
18671836.0,1299.0,183,4.1,167
18671786.0,1299.0,183,4.1,167
2452459.0,899.0,183,4.1,221
16961332.0,1299.0,27,4.4,702
18872500.0,1390.0,183,4.1,864
10575458.0,1699.0,296,4.5,702
12391754.0,1849.0,22,4.4,845
14402466.0,2249.0,18,4.5,845
18379052.0,799.0,16,4.4,845
10777548.0,1799.0,1751,4.0,76
16833918.0,1899.0,22,4.0,702
17150710.0,3999.0,183,4.1,548
14954482.0,1899.0,183,4.1,702
17003578.0,1199.0,32,4.1,845
17150708.0,3999.0,183,4.1,548
17150704.0,3999.0,183,4.1,548
17162218.0,2099.0,10,4.3,845
17309756.0,2699.0,183,4.1,167
18600642.0,1249.0,21,4.0,845
13756790.0,2499.0,183,4.1,702
14925544.0,1099.0,327,3.8,76
17739124.0,1399.0,183,4.1,167
13984114.0,999.0,214,4.3,702
15632704.0,1290.0,8,4.8,864
15773476.0,2199.0,183,4.1,702
14331498.0,1299.0,121,4.3,702
14991312.0,2499.0,30,4.0,702
15096546.0,5299.0,15,3.5,76
15846080.0,4499.0,183,4.1,323
16950076.0,5999.0,6,4.2,548
17325788.0,1899.0,183,4.1,720
17442778.0,849.0,111,4.3,845
18273226.0,1199.0,183,4.1,221
11202318.0,2299.0,1606,4.3,76
18110518.0,2299.0,183,4.1,720
13339510.0,2599.0,23,4.0,702
15165382.0,1299.0,90,3.6,845
15632768.0,2190.0,5,4.6,864
15844312.0,1290.0,14,4.7,864
14444094.0,699.0,289,4.3,845
17787864.0,1899.0,183,4.1,720
10487110.0,1299.0,4,4.0,221
15301362.0,2299.0,56,3.7,720
15953986.0,2599.0,31,4.1,845
14487138.0,1899.0,31,3.7,720
15991910.0,1199.0,8,4.4,221
16103464.0,1590.0,6,2.7,864
14985192.0,2249.0,81,4.2,845
15632422.0,1990.0,10,4.1,864
15698428.0,2999.0,183,4.1,323
16989920.0,1699.0,16,4.9,720
13135240.0,999.0,183,4.1,167
14447490.0,999.0,183,4.1,221
15953980.0,3099.0,133,4.4,845
18039398.0,3399.0,183,4.1,720
18254984.0,1499.0,18,3.8,323
14884832.0,1599.0,17,3.4,76
15773362.0,2499.0,7,3.9,702
18132378.0,1299.0,183,4.1,323
19293778.0,2399.0,183,4.1,845
1442725.0,1199.0,183,4.1,221
15092120.0,1099.0,35,4.1,845
19049054.0,699.0,183,4.1,323
16091212.0,5499.0,8,4.6,845
17309752.0,899.0,183,4.1,167
12663974.0,1499.0,19,4.4,167
15634472.0,1290.0,8,3.6,864
15991956.0,1199.0,183,4.1,221
17413542.0,6899.0,15,4.0,548
18866942.0,490.0,183,4.1,864
13756834.0,2499.0,6,4.0,702
15043258.0,1099.0,183,4.1,221
2170210.0,1599.0,183,4.1,221
13905652.0,899.0,1152,4.0,76
15633084.0,990.0,6,4.0,864
12999602.0,1899.0,91,3.4,845
16219596.0,5999.0,183,4.1,548
15043252.0,1399.0,5,4.0,221
15809018.0,3999.0,183,4.1,323
16219572.0,5999.0,183,4.1,548
18642948.0,2190.0,183,4.1,864
19093160.0,990.0,183,4.1,864
9791943.0,1399.0,54,4.2,167
15000590.0,1899.0,15,3.2,720
13181722.0,999.0,11,4.4,167
17763418.0,1799.0,183,4.1,167
18787838.0,2399.0,183,4.1,845
12663958.0,1499.0,20,4.4,167
14854744.0,999.0,316,3.6,76
12497036.0,1999.0,5,4.6,167
15444504.0,1299.0,8,3.1,76
15850386.0,990.0,8,3.5,864
17763450.0,1799.0,183,4.1,167
13181720.0,999.0,183,4.1,167
16989966.0,2299.0,183,4.1,720
8326469.0,1949.0,183,4.1,845
13957476.0,1799.0,19,4.8,167
18671858.0,999.0,183,4.1,167
13633420.0,1999.0,109,4.1,720
17442600.0,999.0,103,4.4,845
18671804.0,999.0,183,4.1,167
13955640.0,1799.0,5,3.8,167
15633772.0,990.0,183,4.1,864
17851658.0,1199.0,183,4.1,167
18671738.0,999.0,183,4.1,167
18135092.0,5999.0,183,4.1,548
13238592.0,2999.0,31,4.0,76
15982422.0,899.0,53,3.5,845
17763470.0,1799.0,183,4.1,167
16091194.0,4349.0,183,4.1,845
17763478.0,1799.0,183,4.1,167
15629950.0,1290.0,183,4.1,864
19266852.0,2699.0,183,4.1,323
17446048.0,2099.0,183,4.1,845
12047292.0,6999.0,870,4.2,548
16262766.0,2390.0,6,4.2,864
17723956.0,2199.0,183,4.1,702
18652526.0,1299.0,183,4.1,221
11631678.0,1099.0,13,4.5,221
15632870.0,1590.0,25,3.8,864
15927654.0,1649.0,12,3.7,845
15851868.0,1090.0,53,3.6,864
12498202.0,2149.0,90,3.7,845
15611528.0,2299.0,183,4.1,323
1866509.0,899.0,1602,4.0,702
15633156.0,2290.0,16,3.2,864
16125582.0,5999.0,4,3.5,548
16833792.0,1799.0,46,4.5,702
11627876.0,1399.0,18,4.0,167
12859120.0,2399.0,14,4.3,167
15634138.0,1890.0,8,4.2,864
12332750.0,1599.0,183,4.1,167
13905624.0,1999.0,894,3.6,76
12967812.0,1099.0,183,4.1,221
13843056.0,1599.0,85,4.4,720
15202868.0,2399.0,20,4.4,702
16331704.0,5999.0,9,5.0,548
18084482.0,1499.0,183,4.1,323
15632410.0,1290.0,18,4.4,864
17855308.0,1499.0,183,4.1,323
11631714.0,1499.0,7,4.7,221
15158394.0,799.0,362,4.1,702
15851444.0,2490.0,7,3.6,864
17538108.0,1849.0,183,4.1,845
15026846.0,1349.0,16,4.4,845
17511780.0,1799.0,7,5.0,720
17765812.0,3499.0,2,4.5,76
17469034.0,1699.0,183,4.1,76
13339506.0,2599.0,26,3.9,702
15844178.0,990.0,9,4.7,864
16863132.0,6999.0,13,4.2,548
15790508.0,2498.0,5,2.6,720
15852580.0,1290.0,183,4.1,864
15241584.0,999.0,2,3.0,167
15634238.0,1590.0,14,2.9,864
10604592.0,2299.0,62,3.9,720
14474360.0,549.0,99,4.7,845
14994712.0,3399.0,24,4.4,76
18305456.0,2299.0,7,3.6,323
11075860.0,2099.0,23,3.7,720
13515386.0,12497.0,6,4.5,548
17511654.0,999.0,25,4.4,720
15136566.0,1599.0,16,4.1,845
15634250.0,1490.0,21,3.4,864
14001092.0,999.0,5,4.2,167
15633414.0,990.0,12,3.9,864
16200858.0,1649.0,8,5.0,845
15991994.0,999.0,183,4.1,221
16477412.0,1699.0,10,4.6,167
16522912.0,2249.0,9,3.8,845
17231684.0,999.0,183,4.1,167
17775680.0,1599.0,183,4.1,167
12497032.0,1999.0,13,4.2,167
17074032.0,1499.0,19,4.8,702
17090710.0,3399.0,16,4.2,76
9452599.0,899.0,40,4.4,221
7241433.0,899.0,67,4.4,221
7241415.0,899.0,105,4.2,221
17844670.0,5999.0,183,4.1,548
7241410.0,899.0,18,3.9,221
12501464.0,1999.0,34,4.2,167
14955106.0,2599.0,417,4.4,702
17575906.0,1499.0,16,4.5,323
1791172.0,899.0,23,3.7,221
14955098.0,2599.0,460,4.4,702
15773240.0,2499.0,7,4.6,702
18606680.0,1990.0,183,4.1,864
14498234.0,899.0,104,4.4,720
19293792.0,2399.0,183,4.1,845
17662818.0,1099.0,183,4.1,221
19293776.0,2399.0,183,4.1,845
14955094.0,2599.0,325,4.5,702
15799304.0,1099.0,183,4.1,221
17240144.0,1699.0,6,3.8,720
18872544.0,1490.0,183,4.1,864
19293774.0,2399.0,183,4.1,845
15799298.0,1099.0,183,4.1,221
16234916.0,3499.0,36,3.9,76
17052894.0,4299.0,21,3.1,548
17465034.0,1999.0,12,4.9,323
18905328.0,1490.0,183,4.1,864
10847836.0,3299.0,22,4.6,845
15082206.0,990.0,22,3.6,864
15158648.0,1599.0,26,4.7,702
15851572.0,2090.0,17,4.1,864
16045368.0,5999.0,4,3.2,76
13133120.0,949.0,448,4.0,845
11659720.0,999.0,267,4.2,167
15504644.0,1490.0,21,4.4,864
15633904.0,890.0,17,3.4,864
18829044.0,2249.0,183,4.1,845
15851882.0,1590.0,38,2.7,864
17985656.0,1599.0,183,4.1,720
15082228.0,1490.0,27,4.0,864
18207268.0,799.0,183,4.1,221
19029736.0,6599.0,183,4.1,548
13995694.0,1599.0,585,3.9,76
15851520.0,1490.0,13,4.2,864
18207328.0,799.0,3,4.3,221
11659714.0,999.0,158,4.1,167
17442650.0,2099.0,183,4.1,845
18207322.0,799.0,183,4.1,221
14189882.0,2249.0,27,4.6,845
16833912.0,1899.0,36,4.6,702
18331850.0,1699.0,183,4.1,76
10435910.0,599.0,25,3.9,221
14122790.0,1399.0,70,3.8,76
15427324.0,1999.0,39,4.2,76
10428828.0,999.0,48,3.9,167
16103236.0,1690.0,183,4.1,864
17662886.0,599.0,183,4.1,221
14974274.0,899.0,9,3.9,845
16189356.0,5700.0,183,4.1,548
13237860.0,2699.0,337,4.3,76
11514822.0,899.0,5,5.0,221
10847838.0,3149.0,7,4.6,845
13000538.0,1699.0,15,4.5,720
15165384.0,1299.0,83,3.8,845
17231652.0,899.0,183,4.1,167
18110246.0,2099.0,13,4.1,720
14001078.0,899.0,183,4.1,167
14636554.0,4699.0,62,4.0,548
15852498.0,1690.0,183,4.1,864
15562206.0,1699.0,11,4.6,845
15953978.0,2649.0,30,4.4,845
17220628.0,2599.0,2,3.0,702
19171288.0,899.0,183,4.1,221
13905618.0,1599.0,656,4.0,76
14447488.0,899.0,183,4.1,221
16043950.0,1599.0,6,4.7,720
17220632.0,2499.0,183,4.1,702
17787820.0,1399.0,8,3.5,720
18135052.0,5999.0,5,3.2,548
18929182.0,590.0,183,4.1,864
16256324.0,1399.0,183,4.1,845
16902554.0,1299.0,27,4.4,702
15080364.0,2399.0,5,3.8,167
16262898.0,2190.0,183,4.1,864
17325498.0,9999.0,183,4.1,548
19148528.0,699.0,183,4.1,323
15158940.0,1399.0,36,4.1,702
17325492.0,9999.0,183,4.1,548
19276886.0,4999.0,183,4.1,548
1411010.0,449.0,6,2.8,221
18642972.0,1690.0,183,4.1,864
18787840.0,2499.0,183,4.1,845
16103206.0,1790.0,183,4.1,864
15602340.0,3899.0,183,4.1,548
13314982.0,1699.0,108,4.3,702
13905630.0,1599.0,592,3.6,76
16311070.0,5529.0,13,4.4,548
15851590.0,1390.0,28,4.5,864
11218670.0,4999.0,183,4.1,548
15633214.0,1690.0,11,2.8,864
15088956.0,1499.0,7,4.7,702
11396716.0,2499.0,38,3.6,702
15790686.0,1299.0,183,4.1,720
14850480.0,1899.0,183,4.1,702
15940114.0,1599.0,21,4.3,720
18652012.0,399.0,10,4.6,323
8206973.0,1799.0,183,4.1,845
15851456.0,1790.0,5,3.4,864
16569580.0,1149.0,50,4.2,845
17292370.0,3599.0,17,3.4,548
13181706.0,999.0,30,4.2,167
15088142.0,1590.0,18,4.5,864
16607290.0,2099.0,11,1.7,845
16836252.0,1999.0,183,4.1,702
17424006.0,1699.0,78,3.7,76
16961272.0,1299.0,10,3.6,702
11495572.0,3999.0,411,4.3,548
13238450.0,2299.0,611,3.8,76
14498200.0,999.0,147,4.5,720
15514560.0,2999.0,183,4.1,221
12288110.0,2099.0,27,3.9,720
14955096.0,2399.0,189,4.3,702
15514544.0,1499.0,5,3.8,221
17915806.0,999.0,183,4.1,167
11688404.0,1899.0,168,4.2,702
10607434.0,1599.0,27,4.1,720
19047410.0,999.0,183,4.1,702
15982494.0,1099.0,183,4.1,845
17744474.0,3599.0,183,4.1,76
18618780.0,1299.0,183,4.1,167
18652592.0,6999.0,183,4.1,221
18834764.0,2299.0,183,4.1,323
15428176.0,1999.0,8,3.2,845
18110478.0,2498.0,183,4.1,720
15633394.0,1990.0,183,4.1,864
15773366.0,2399.0,183,4.1,702
1411015.0,449.0,27,3.7,221
12289128.0,1699.0,183,4.1,845
14498146.0,1999.0,78,4.2,720
18614236.0,2999.0,183,4.1,323
12261662.0,1699.0,5,4.6,845
9920745.0,949.0,545,4.2,845
18542956.0,2190.0,5,5.0,864
14854916.0,1399.0,183,4.2,76
9791951.0,999.0,30,4.3,167
18542724.0,1890.0,183,4.1,864
17851660.0,1199.0,183,4.1,167
16945802.0,7299.0,183,4.1,76
17423960.0,1699.0,8,4.2,76
10891180.0,3299.0,13,3.8,845
15098898.0,6999.0,183,4.1,548
18656200.0,3999.0,183,4.1,548
15850624.0,1390.0,11,4.6,864
12336740.0,1599.0,183,4.1,167
16103252.0,2390.0,183,4.1,864
16187090.0,2499.0,183,4.1,702
10496658.0,999.0,15,4.0,167
16707392.0,3299.0,15,4.3,76
15089148.0,1599.0,22,3.8,702
14925560.0,1799.0,214,3.7,76
14955108.0,2399.0,206,4.2,702
15241532.0,1599.0,183,4.1,167
17189506.0,1799.0,183,4.1,167
13135238.0,1099.0,8,4.1,167
16814680.0,1099.0,44,4.2,845
17511746.0,1799.0,183,4.1,720
16427148.0,2699.0,183,4.1,167
10380849.0,999.0,9,3.8,845
17090216.0,3399.0,47,4.5,76
17640614.0,3299.0,183,4.1,702
15290884.0,1990.0,6,4.8,864
15514614.0,1499.0,183,4.1,221
16929834.0,5999.0,183,4.1,323
12668502.0,7999.0,15,4.1,548
18542846.0,1890.0,6,4.2,864
12336744.0,1599.0,10,3.6,167
15634554.0,1990.0,14,3.4,864
16991118.0,4199.0,38,4.2,76
18207372.0,1999.0,183,4.1,221
13334424.0,2799.0,64,3.9,702
16262820.0,2190.0,183,4.1,864
7241416.0,899.0,183,4.1,221
15202904.0,2199.0,107,4.4,702
18600648.0,1249.0,51,3.8,845
16349218.0,14950.0,183,4.1,548
15633678.0,1490.0,6,4.8,864
18638276.0,799.0,5,3.8,323
15633478.0,2290.0,20,3.9,864
17209144.0,749.0,183,4.1,845
6581971.0,1499.0,14,4.1,221
15633240.0,2290.0,183,4.1,864
17669482.0,5549.0,183,4.1,548
16945862.0,3599.0,183,4.1,76
17228742.0,5999.0,183,4.1,548
18135466.0,2999.0,23,4.0,548
19294016.0,2099.0,183,4.1,845
11990962.0,1999.0,177,4.3,702
15165380.0,1299.0,17,4.1,845
16331746.0,6999.0,5,4.6,548
8330207.0,799.0,1406,4.2,702
11990866.0,2499.0,52,4.5,702
15441240.0,2599.0,183,4.1,702
15454268.0,1049.0,6,4.2,845
13237998.0,3199.0,101,3.7,76
15441242.0,2699.0,183,4.1,702
16259340.0,2799.0,183,4.1,76
18671734.0,1299.0,183,4.1,167
13135178.0,1299.0,183,4.1,167
13955718.0,1599.0,4,3.2,167
15841450.0,1490.0,9,4.0,864
19267560.0,2499.0,183,4.1,167
12957506.0,1299.0,6,4.2,167
12154040.0,1499.0,138,4.4,323
15508760.0,2199.0,26,4.5,720
18867312.0,1590.0,183,4.1,864
18867406.0,1590.0,183,4.1,864
12750922.0,1399.0,8,4.0,167
16262824.0,2190.0,183,4.1,864
17537956.0,1049.0,27,3.9,845
16396394.0,1999.0,183,4.1,323
17094652.0,1699.0,22,4.4,76
18585472.0,22300.0,183,4.1,548
13984204.0,2699.0,15,4.5,702
13041764.0,1399.0,5,4.2,221
15208702.0,899.0,8,3.6,167
15852504.0,1990.0,183,4.1,864
15821958.0,3999.0,183,4.1,323
16262866.0,1990.0,11,4.3,864
16272186.0,3499.0,27,4.4,76
15678694.0,1099.0,36,4.3,845
16961262.0,1299.0,6,4.2,702
10711482.0,1699.0,183,4.1,221
15633046.0,2090.0,183,4.1,864
17307508.0,2399.0,7,3.9,167
12859888.0,2399.0,12,4.2,167
14160400.0,999.0,11,4.5,221
14330800.0,3199.0,45,4.7,702
16588146.0,11999.0,183,4.1,548
13903242.0,3599.0,8,4.2,76
16836258.0,2199.0,183,4.1,702
11330252.0,1299.0,372,4.1,845
15578002.0,2699.0,34,3.9,76
17189522.0,1399.0,183,4.1,167
12859122.0,2399.0,15,3.7,167
16190856.0,1999.0,11,4.4,76
18652574.0,4599.0,183,4.1,221
11579058.0,899.0,20,4.2,167
14935566.0,1399.0,34,4.6,702
16836222.0,1799.0,183,4.1,702
10075721.0,1599.0,10,4.1,720
12222106.0,1899.0,344,4.0,720
7413634.0,1999.0,2677,4.2,720
12737882.0,1599.0,183,4.1,720
17509538.0,3999.0,2,3.0,548
18273188.0,1999.0,183,4.1,221
14536056.0,2999.0,10,4.7,702
13581136.0,1999.0,49,3.7,720
17113748.0,1199.0,183,4.1,167
12957504.0,1299.0,14,3.5,167
11753804.0,11870.0,183,4.1,548
18764682.0,490.0,183,4.1,864
12499372.0,1799.0,10,4.2,845
19074138.0,1499.0,183,4.1,323
16291336.0,6999.0,183,4.1,548
13842962.0,1599.0,38,3.9,720
14355346.0,5499.0,40,4.0,702
16291288.0,6999.0,183,4.1,548
16846592.0,2170.0,15,3.8,76
14001106.0,999.0,13,4.9,167
11396694.0,2199.0,44,4.1,702
13668984.0,1199.0,311,4.5,720
17093958.0,1699.0,11,4.8,76
17669470.0,5549.0,183,4.1,548
14356150.0,3999.0,42,4.5,702
9260663.0,1299.0,183,4.1,221
12221912.0,1799.0,130,4.2,720
13000440.0,2999.0,75,3.9,720
19175050.0,1299.0,183,4.1,323
15301426.0,2299.0,20,4.8,720
18302978.0,6999.0,183,4.1,548
14535826.0,3199.0,183,4.1,702
14935934.0,1099.0,10,4.3,702
13339842.0,2599.0,73,4.1,702
14356188.0,4799.0,22,4.0,702
15611364.0,2299.0,183,4.1,323
17982604.0,1499.0,183,4.1,323
14355452.0,5499.0,27,4.1,702
17090160.0,3399.0,48,4.4,76
18337046.0,1399.0,183,4.1,720
17189526.0,1299.0,2,3.0,167
17739322.0,1399.0,183,4.1,167
17739224.0,1399.0,183,4.1,167
11396690.0,2099.0,48,4.4,702
14121428.0,1399.0,183,4.1,167
11990456.0,3599.0,343,3.9,702
2305643.0,1399.0,183,4.1,720
14356200.0,4999.0,62,4.4,702
15632460.0,1590.0,13,3.7,864
5649869.0,1899.0,183,4.1,720
16187078.0,5409.0,183,4.1,548
14224016.0,3099.0,30,4.0,76
17435576.0,5999.0,183,4.1,548
17739218.0,1099.0,183,4.1,167
15637468.0,5499.0,13,2.6,548
16219632.0,5999.0,183,4.1,548
17507832.0,1999.0,183,4.1,323
16219622.0,5999.0,183,4.1,548
19176992.0,799.0,183,4.1,323
13552260.0,1999.0,183,4.1,221
16259280.0,3899.0,183,4.1,76
16262850.0,1790.0,183,4.1,864
17507852.0,1999.0,183,4.1,323
17545290.0,899.0,183,4.1,221
2452454.0,1399.0,183,4.1,221
14935492.0,1099.0,29,4.6,702
15421850.0,999.0,183,4.1,167
18801976.0,1599.0,183,4.1,548
1052282.0,1699.0,183,4.1,720
15799338.0,799.0,7,4.9,221
19283174.0,799.0,183,4.1,323
10648318.0,999.0,71,4.2,167
15405994.0,1599.0,183,4.1,167
13895786.0,1149.0,183,4.1,548
18764744.0,790.0,183,4.1,864
7754471.0,1199.0,1001,4.3,845
17876132.0,2299.0,183,4.1,76
11064260.0,1999.0,47,4.0,720
16707752.0,1599.0,33,3.7,720
13951562.0,999.0,5,3.2,167
15427276.0,2299.0,49,4.3,76
17964932.0,1299.0,9,4.6,323
18255224.0,6999.0,183,4.1,548
17423884.0,999.0,4,3.0,76
18764668.0,990.0,183,4.1,864
15852416.0,1790.0,183,4.1,864
12288210.0,999.0,175,4.5,720
15632632.0,1290.0,7,3.1,864
15633744.0,1490.0,13,4.1,864
17425642.0,5999.0,183,4.1,548
17425638.0,5999.0,183,4.1,548
10856238.0,1799.0,219,3.9,720
17855178.0,5499.0,183,4.1,323
14935426.0,2199.0,9,4.2,702
18671814.0,1999.0,183,4.1,167
19044530.0,2299.0,183,4.1,323
17090730.0,1999.0,59,3.9,76
14928772.0,4499.0,183,4.1,323
17763452.0,1799.0,183,4.1,167
11364296.0,1999.0,62,4.3,720
17739200.0,1599.0,183,4.1,167
17739182.0,1599.0,183,4.1,167
17314934.0,5999.0,7,4.7,548
17538040.0,699.0,57,4.2,845
11970538.0,1449.0,33,4.4,845
13955732.0,1599.0,9,3.8,167
15991912.0,1499.0,183,4.1,221
11579054.0,899.0,14,4.3,167
18254994.0,1299.0,5,4.4,323
11579052.0,899.0,7,3.9,167
11497226.0,999.0,36,4.0,221
15098912.0,6999.0,183,4.1,548
17511664.0,1799.0,9,3.3,720
15098896.0,6999.0,183,4.1,548
15650888.0,1999.0,183,4.1,323
17189784.0,1599.0,183,4.1,167
1087795.0,699.0,7,3.4,221
15601822.0,9899.0,183,4.1,548
11627886.0,1399.0,11,4.8,167
11731410.0,1699.0,183,4.1,167
11627874.0,1399.0,22,4.0,167
15841446.0,1490.0,14,4.0,864
8119635.0,3349.0,36,4.0,845
14224678.0,1999.0,43,3.9,76
16950086.0,5999.0,183,4.1,548
18976806.0,2399.0,183,4.1,221
16950082.0,5999.0,183,4.1,548
17511730.0,999.0,22,4.6,720
17662884.0,2499.0,183,4.1,221
17759892.0,1999.0,11,3.4,323
14935802.0,1399.0,22,4.5,702
17141480.0,6727.0,10,4.5,548
16836204.0,1799.0,183,4.1,702
16928488.0,7999.0,183,4.1,323
10466122.0,1299.0,8,4.1,167
13951522.0,899.0,18,4.1,167
18671736.0,999.0,183,4.1,167
14331284.0,2199.0,36,4.4,702
17739178.0,999.0,183,4.1,167
16189384.0,4755.0,183,4.1,548
16902060.0,1299.0,57,4.4,702
11627882.0,1399.0,21,4.5,167
13387676.0,1199.0,55,3.8,845
12967738.0,899.0,15,4.3,221
17093788.0,1699.0,38,3.8,76
9792039.0,999.0,10,3.9,167
15082272.0,1490.0,33,4.5,864
9070213.0,1899.0,10,3.1,720
15086606.0,990.0,23,3.7,864
2357270.0,999.0,664,4.1,702
16427434.0,3499.0,183,4.1,167
16427318.0,1199.0,183,4.1,167
11627896.0,1399.0,13,4.2,167
15096398.0,2899.0,15,4.0,76
15844120.0,1290.0,183,4.1,864
11627870.0,1399.0,15,4.6,167
17143174.0,649.0,71,4.0,845
18173664.0,3842.0,183,4.1,548
16190778.0,3099.0,16,3.6,76
18872392.0,1590.0,183,4.1,864
12279324.0,2499.0,148,4.5,702
15082260.0,1590.0,22,3.6,864
9552937.0,2299.0,183,4.1,720
14925648.0,1899.0,63,4.0,76
13256228.0,4799.0,35,3.6,548
16395934.0,2299.0,183,4.1,323
15406026.0,1399.0,183,4.1,167
1087802.0,699.0,14,3.2,221
13515390.0,8328.0,183,4.1,548
15082220.0,1290.0,38,3.5,864
10466124.0,1299.0,23,3.7,167
11514856.0,1499.0,8,4.2,221
12445922.0,1499.0,17,4.1,167
14994384.0,2599.0,7,3.9,76
6581979.0,1499.0,6,4.7,221
18605938.0,790.0,183,4.1,864
12773448.0,2999.0,46,3.9,702
17143504.0,1249.0,35,4.0,845
12135352.0,1399.0,378,4.2,76
14979848.0,1499.0,13,4.6,323
18907594.0,1690.0,183,4.1,864
10562374.0,2899.0,269,4.3,702
15301862.0,8500.0,3,2.3,548
16219096.0,3999.0,30,4.3,323
13194606.0,2149.0,134,4.3,845
15494670.0,1799.0,36,4.5,76
15634374.0,1390.0,23,4.3,864
18867080.0,1490.0,183,4.1,864
15633788.0,1590.0,12,3.8,864
16928246.0,1999.0,183,4.1,323
18337008.0,1299.0,6,4.7,720
18866648.0,1190.0,5,5.0,864
17537810.0,1049.0,54,4.4,845
14356168.0,2999.0,52,4.4,702
16102978.0,1490.0,183,4.1,864
17442826.0,799.0,47,4.4,845
18747328.0,12999.0,183,4.1,323
19202952.0,2299.0,183,4.1,720
14356158.0,4999.0,21,4.5,702
15799376.0,1499.0,183,4.1,221
16234870.0,1999.0,25,4.5,76
11117288.0,4999.0,299,4.0,548
15844468.0,2390.0,19,4.1,864
15799262.0,899.0,183,4.1,221
16103226.0,1490.0,18,3.9,864
15241480.0,1499.0,183,4.1,167
16187046.0,6795.0,7,3.9,548
18764736.0,1490.0,183,4.1,864
12698608.0,2999.0,345,3.8,702
18764656.0,790.0,183,4.1,864
13901608.0,2699.0,6,2.7,167
18671862.0,999.0,183,4.1,167
10698744.0,1699.0,204,4.5,845
14121912.0,3199.0,77,4.2,76
18671724.0,999.0,183,4.1,167
15098892.0,6999.0,183,4.1,548
15845464.0,1890.0,183,4.1,864
17739302.0,999.0,183,4.1,167
14479084.0,10599.0,11,3.4,548
17739220.0,999.0,183,4.1,167
9070459.0,1799.0,5,4.2,720
13955716.0,1599.0,5,4.0,167
15852336.0,1290.0,6,4.8,864
17090272.0,3399.0,22,4.4,76
15633224.0,2890.0,183,4.1,864
12622798.0,6999.0,7,3.9,548
14356152.0,4599.0,46,4.5,702
18542924.0,1690.0,183,4.1,864
12622760.0,6999.0,183,4.1,548
14487114.0,1599.0,19,3.8,720
14535952.0,2999.0,11,4.6,702
14666138.0,2699.0,183,4.1,167
19202098.0,599.0,183,4.1,323
13955648.0,1799.0,7,3.9,167
14935496.0,1399.0,183,4.1,702
16847070.0,5999.0,183,4.1,548
13178044.0,3849.0,538,4.4,845
14224034.0,2399.0,131,4.1,76
14444090.0,699.0,150,4.4,845
15844634.0,2690.0,183,4.1,864
16259556.0,3899.0,183,4.1,76
12698844.0,3299.0,176,3.9,702
13957458.0,1399.0,183,4.1,167
14669272.0,2699.0,9,4.1,167
15085864.0,2290.0,2,1.0,864
15844062.0,2690.0,7,4.6,864
14884580.0,2599.0,34,3.6,76
15852664.0,2290.0,183,4.1,864
11110484.0,3499.0,324,4.3,845
13957498.0,1799.0,183,4.1,167
15634490.0,2090.0,9,4.4,864
16946234.0,3899.0,183,4.1,76
10831868.0,1499.0,183,4.1,221
15633286.0,1490.0,183,4.1,864
16404046.0,1599.0,19,4.4,845
18377598.0,11195.0,183,4.1,548
13957452.0,1799.0,11,4.4,167
14484684.0,2399.0,6,4.3,167
16427262.0,2999.0,183,4.1,167
14447568.0,699.0,146,4.2,845
14535718.0,2399.0,2,5.0,167
18976824.0,1999.0,183,4.1,221
11549382.0,1999.0,32,4.7,720
13957474.0,1799.0,2,4.5,167
14484648.0,2399.0,183,4.1,167
14497872.0,2399.0,183,4.1,167
15026996.0,1099.0,183,4.1,167
1192989.0,2099.0,183,4.1,845
14355352.0,3999.0,15,4.1,702
14497892.0,2399.0,183,4.1,167
14484682.0,2399.0,183,4.1,167
18107770.0,3999.0,183,4.1,548
1901152.0,899.0,36,2.7,720
11514850.0,999.0,7,2.3,221
14484312.0,2399.0,183,4.1,167
13315048.0,2299.0,3557,4.2,702
15982564.0,1049.0,91,4.3,845
16846772.0,5099.0,7,4.0,76
2472444.0,1799.0,6,4.7,720
15582360.0,2599.0,28,4.4,76
19071830.0,2299.0,183,4.1,323
17537814.0,1199.0,13,3.9,845
14356166.0,3999.0,34,4.3,702
15844208.0,2090.0,7,3.7,864
14356128.0,3599.0,38,4.2,702
17423996.0,999.0,183,4.1,76
17784446.0,2299.0,77,4.4,323
14355392.0,3899.0,28,4.4,702
12279400.0,2799.0,44,4.6,702
13078876.0,1699.0,1043,4.1,845
18924166.0,9499.0,183,4.1,548
17185856.0,2299.0,88,4.3,323
14935868.0,1499.0,38,4.4,702
15101686.0,2399.0,183,4.1,167
12278640.0,2499.0,716,4.4,702
13886174.0,4999.0,7,3.7,548
14356298.0,3999.0,46,4.6,702
17423936.0,1699.0,183,4.1,76
19202106.0,599.0,183,4.1,323
15080332.0,2399.0,183,4.1,167
15953966.0,2749.0,99,4.0,845
16846706.0,4999.0,3,4.3,76
17511640.0,1299.0,15,4.3,720
6581990.0,999.0,1,4.0,221
10990320.0,2549.0,191,3.9,845
14954642.0,2699.0,29,4.0,702
10711478.0,1099.0,183,4.1,221
12737776.0,2499.0,36,3.7,720
13710356.0,1999.0,137,3.8,702
10967792.0,3499.0,54,4.1,845
11364248.0,1599.0,22,4.1,720
18302870.0,9299.0,183,4.1,548
11110488.0,3499.0,93,4.3,845
12668574.0,5999.0,29,3.7,548
15773298.0,2399.0,75,4.2,702
16046292.0,2299.0,183,4.1,323
12668552.0,5999.0,23,4.4,548
12981550.0,1899.0,452,4.1,845
13334168.0,1099.0,14,3.5,702
15773152.0,2399.0,107,4.4,702
17094636.0,1799.0,24,4.1,76
11990670.0,3899.0,127,4.5,702
14925780.0,2299.0,215,4.2,702
17150118.0,2399.0,183,4.1,167
11990694.0,3399.0,86,4.2,702
16427364.0,2399.0,183,4.1,167
17842562.0,2999.0,183,4.1,323
18302784.0,9299.0,183,4.1,548
13710492.0,2099.0,260,4.5,702
15650344.0,2399.0,183,4.1,167
13843262.0,999.0,244,4.6,720
13905626.0,1599.0,526,3.8,76
10388213.0,2499.0,539,4.2,702
15844202.0,1290.0,7,4.7,864
16256354.0,1699.0,162,3.5,845
16291342.0,6999.0,183,4.1,548
17090578.0,1999.0,53,4.1,76
9018025.0,2199.0,447,4.0,702
15202838.0,1099.0,24,4.2,702
15650346.0,2399.0,183,4.1,167
16291334.0,6999.0,2,5.0,548
17413544.0,6899.0,5,4.4,548
16291330.0,6999.0,183,4.1,548
11118464.0,1399.0,459,4.1,702
15844440.0,1690.0,9,2.9,864
16291316.0,6999.0,183,4.1,548
16395516.0,2299.0,67,4.4,323
15043248.0,2499.0,4,4.8,221
11930870.0,1699.0,213,4.2,702
14355426.0,4299.0,38,4.3,702
15736250.0,4699.0,183,4.1,76
17162228.0,2099.0,37,3.8,845
11226262.0,1699.0,297,3.8,702
15630944.0,990.0,68,3.9,864
19082048.0,8799.0,183,4.1,548
7780973.0,1899.0,1448,3.9,845
14663972.0,1599.0,448,3.4,76
15633548.0,1590.0,23,4.0,864
15633514.0,1590.0,9,3.3,864
12222072.0,1999.0,715,4.3,720
18867266.0,1390.0,7,4.0,864
15162054.0,1499.0,183,4.1,167
15852292.0,1690.0,33,4.4,864
17442836.0,2199.0,31,3.8,845
13710726.0,1799.0,41,3.6,702
18866740.0,990.0,183,4.1,864
14427250.0,749.0,114,4.5,845
15082214.0,1490.0,31,3.9,864
16835280.0,2699.0,29,4.4,702
17455852.0,1699.0,65,3.5,76
18090956.0,1399.0,183,4.1,167
12828202.0,1699.0,6,4.3,845
15519378.0,3499.0,6,4.2,548
17751218.0,999.0,5,4.0,167
18273228.0,999.0,5,4.4,221
11065080.0,999.0,183,4.1,221
11530326.0,2199.0,145,4.3,702
18591570.0,1399.0,183,4.1,167
14695624.0,1249.0,28,4.1,845
15845264.0,1490.0,183,4.1,864
18207452.0,1899.0,36,3.7,845
15845770.0,1490.0,183,4.1,864
15844140.0,1490.0,14,4.2,864
19267030.0,3999.0,183,4.1,323
15406002.0,1599.0,183,4.1,167
18522690.0,2299.0,183,4.1,323
14954602.0,2399.0,113,3.9,702
15845196.0,2190.0,183,4.1,864
15894222.0,2299.0,21,4.4,323
11414716.0,1299.0,5,4.6,221
17096048.0,3399.0,17,4.4,76
17442622.0,949.0,38,4.1,845
17911268.0,5195.0,183,4.1,548
17660318.0,1999.0,19,3.8,845
18866850.0,1390.0,183,4.1,864
16262822.0,1790.0,35,3.8,864
13710306.0,1699.0,183,4.1,702
14954422.0,2599.0,38,4.0,702
15845708.0,1890.0,13,2.8,864
17094666.0,3199.0,7,2.9,76
14954664.0,2399.0,47,4.3,702
11327746.0,4999.0,51,4.0,548
9783983.0,1399.0,11,3.1,167
15851900.0,2290.0,8,4.4,864
11541522.0,1699.0,1223,4.1,702
17309798.0,1999.0,183,4.1,167
13757442.0,2599.0,17,4.0,702
15200340.0,1999.0,183,4.1,167
15790534.0,2299.0,6,4.3,720
14129854.0,1999.0,5,4.4,167
16404082.0,3099.0,147,4.2,845
17093944.0,1699.0,58,3.7,76
15633202.0,890.0,12,4.2,864
15851566.0,3190.0,8,4.0,864
14129998.0,1999.0,183,4.1,167
18135054.0,5999.0,183,4.1,548
9478961.0,1699.0,246,4.3,702
14095654.0,1899.0,183,4.1,167
11688524.0,1799.0,219,4.0,702
15096482.0,5299.0,183,4.1,76
15851648.0,1690.0,8,3.4,864
15629018.0,1690.0,2,1.0,864
996701.0,599.0,13,4.2,221
12889044.0,999.0,183,4.1,221
17049116.0,2899.0,11,4.0,76
4444074.0,1699.0,183,4.1,221
6994056.0,3499.0,183,4.1,720
11514810.0,799.0,18,4.6,221
15845604.0,1590.0,5,2.8,864
15852320.0,990.0,13,4.5,864
16566918.0,1999.0,183,4.1,167
12889082.0,799.0,183,4.1,221
15630224.0,1590.0,183,4.1,864
9440729.0,1899.0,554,4.0,845
15086654.0,1590.0,23,4.3,864
16566924.0,1999.0,183,4.1,167
15442988.0,6499.0,6,4.7,548
13757408.0,2599.0,52,4.2,702
15736262.0,3399.0,28,3.7,76
15632830.0,1990.0,13,4.0,864
17126080.0,3999.0,11,3.6,548
6177430.0,1899.0,183,4.1,221
10358159.0,599.0,21,4.4,221
10428820.0,1199.0,20,4.3,167
14094074.0,1999.0,30,4.1,702
13239958.0,1549.0,1123,4.0,845
13791612.0,2099.0,549,3.8,76
14668708.0,5599.0,14,3.7,548
18976784.0,2199.0,183,4.1,221
16404060.0,1649.0,19,4.7,845
18273224.0,2199.0,183,4.1,221
18273208.0,2199.0,183,4.1,221
19071770.0,2299.0,183,4.1,323
8663125.0,1099.0,3,4.3,221
16483784.0,1699.0,63,3.9,845
9856533.0,999.0,34,4.1,167
11395998.0,2099.0,20,4.2,845
14444754.0,1499.0,6,3.7,76
15846082.0,2299.0,183,4.1,323
13756948.0,2599.0,49,4.3,702
17442596.0,899.0,14,3.8,845
10428818.0,1099.0,7,4.0,167
13843066.0,1899.0,57,4.1,720
16350728.0,1299.0,55,4.3,845
16652156.0,2299.0,183,4.1,323
19202922.0,2299.0,183,4.1,720
18189984.0,4275.0,183,4.1,548
18337024.0,1199.0,183,4.1,720
18867442.0,1690.0,183,4.1,864
15799314.0,1099.0,183,4.1,221
16607356.0,1599.0,90,3.8,845
17413694.0,3399.0,183,4.1,76
7689347.0,1299.0,183,4.1,221
15241494.0,1499.0,183,4.1,167
15844814.0,2090.0,183,4.1,864
16107424.0,1590.0,11,3.2,864
7211114.0,2149.0,183,4.1,845
15241466.0,1499.0,183,4.1,167
18647316.0,3999.0,9,3.6,548
15241502.0,1499.0,183,4.1,167
2452468.0,999.0,183,4.1,221
11542060.0,2299.0,118,4.4,702
11578884.0,999.0,8,4.1,167
2452447.0,999.0,183,4.1,221
15146850.0,1299.0,183,4.1,167
14356282.0,3999.0,33,4.6,702
17150102.0,1399.0,183,4.1,167
11990476.0,3999.0,171,4.0,702
16874574.0,5999.0,183,4.1,548
12671842.0,1399.0,183,4.1,167
14535996.0,2899.0,16,4.1,702
17276440.0,7774.0,183,4.1,548
18837888.0,2699.0,183,4.1,76
15658646.0,1299.0,11,4.2,167
16563308.0,1699.0,183,4.1,167
12967756.0,899.0,17,4.5,221
15844612.0,2490.0,183,4.1,864
2243366.0,2349.0,17,4.2,845
9479095.0,3699.0,876,4.3,702
18084560.0,799.0,93,4.4,323
17511636.0,2299.0,24,3.8,720
17552342.0,8999.0,183,4.1,548
13955742.0,1599.0,6,4.5,167
10856152.0,1999.0,554,4.2,720
13955646.0,1699.0,183,4.1,167
14850294.0,7399.0,42,4.0,548
17090232.0,3499.0,183,4.1,76
18907590.0,1390.0,183,4.1,864
13955684.0,1399.0,183,4.1,167
13275212.0,1549.0,894,4.2,845
13957492.0,1799.0,183,4.1,167
16189364.0,6000.0,183,4.1,548
19148248.0,1499.0,183,4.1,323
13951560.0,1099.0,183,4.1,167
18867354.0,2390.0,183,4.1,864
19283208.0,1999.0,183,4.1,323
15043172.0,1499.0,183,4.1,221
15849954.0,1490.0,79,4.0,864
19219030.0,4999.0,183,4.1,548
12957524.0,1299.0,183,4.1,167
14356140.0,3599.0,23,4.1,702
19218994.0,4999.0,183,4.1,548
17096082.0,2299.0,38,4.0,76
12178104.0,2499.0,554,4.4,702
16044132.0,1599.0,28,4.2,720
1845133.0,2999.0,670,4.2,702
13936020.0,999.0,111,4.3,720
13945332.0,1399.0,183,4.1,167
14535904.0,2899.0,32,4.5,702
11659712.0,999.0,103,4.3,167
12496768.0,999.0,183,4.1,167
17094694.0,3499.0,41,3.6,76
17414454.0,7999.0,183,4.1,548
14355328.0,4799.0,56,4.6,702
17482494.0,5899.0,5,4.8,548
18907572.0,1490.0,183,4.1,864
13616810.0,899.0,183,4.1,221
17090522.0,2099.0,29,4.3,76
17964938.0,1299.0,183,4.1,323
14447520.0,799.0,183,4.1,221
17843674.0,2999.0,183,4.1,76
18305286.0,1299.0,183,4.1,323
18336906.0,1399.0,8,4.0,720
7216023.0,1049.0,218,4.1,845
15200328.0,899.0,3,4.3,167
10829334.0,3449.0,161,4.2,845
12047840.0,799.0,183,4.1,221
16396174.0,1499.0,183,4.1,323
10769034.0,2499.0,13,4.4,548
17231680.0,999.0,183,4.1,167
14927330.0,1499.0,8,4.6,323
16961378.0,799.0,5,4.2,702
14087386.0,1499.0,11,2.8,720
18872564.0,1390.0,8,4.5,864
15736356.0,3399.0,183,4.1,76
16427312.0,1399.0,183,4.1,167
18867252.0,1290.0,183,4.1,864
9803441.0,1599.0,7,4.1,167
16427234.0,1399.0,183,4.1,167
14535830.0,2999.0,7,4.1,702
17763430.0,1799.0,183,4.1,167
12967782.0,1399.0,183,4.1,221
14884736.0,2299.0,24,3.6,76
14935518.0,1899.0,8,4.0,702
16989930.0,1399.0,183,4.1,720
16427192.0,999.0,183,4.1,167
18336902.0,2399.0,7,3.4,720
15844912.0,1690.0,183,4.1,864
16311008.0,5529.0,183,4.1,548
15096536.0,3199.0,8,3.1,76
16222514.0,1399.0,183,4.1,845
16961358.0,799.0,9,4.1,702
16044110.0,1799.0,183,4.1,720
16316420.0,6999.0,5,4.0,548
14954722.0,2399.0,241,4.4,702
16044104.0,1799.0,19,4.1,720
17003536.0,1199.0,26,4.4,845
6995096.0,1699.0,1924,3.9,702
15218838.0,899.0,8,3.8,167
15790688.0,1799.0,183,4.1,720
14447502.0,1099.0,183,4.1,221
15993138.0,3999.0,8,4.5,323
16846762.0,3199.0,183,4.1,76
15846132.0,4499.0,10,4.7,323
12551854.0,5625.0,8,4.4,548
18652578.0,1299.0,183,4.1,221
12889018.0,999.0,183,4.1,221
15773232.0,2199.0,44,4.1,702
17044538.0,6649.0,183,4.1,548
16989998.0,2199.0,101,4.1,720
18802314.0,1999.0,183,4.1,548
15773200.0,2599.0,12,4.2,702
17511712.0,1799.0,183,4.1,720
7241429.0,949.0,3,3.0,221
18605976.0,1690.0,183,4.1,864
17044536.0,6649.0,12,4.8,548
18068074.0,1099.0,183,4.1,221
17662826.0,1099.0,183,4.1,221
12967838.0,1099.0,183,4.1,221
